title,address,city,state,postal_code,price,facts and features,real estate provider,url
Condo For Sale,2359 Jackson St # 4,San Francisco,CA,94115,"$995,000","1 bd , 1 ba , 653 sqft",McGuire Real Estate,https://www.zillow.com/homedetails/2359-Jackson-St-4-San-Francisco-CA-94115/15074023_zpid/
Apartment For Sale,1840-1844 Golden Gate Ave,SAN FRANCISCO,CA,94115,"$5,995,000","Studio , -- ba , 7,205 sqft","Paragon Coml. Brokerage, Inc",https://www.zillow.com/homedetails/1840-1844-Golden-Gate-Ave-San-Francisco-CA-94115/15084972_zpid/
Apartment For Sale,570 Grove St,San Francisco,CA,94102,"$4,650,000","Studio , -- ba , 8,280 sqft","Paragon Coml. Brokerage, Inc",https://www.zillow.com/homedetails/570-Grove-St-San-Francisco-CA-94102/2090710021_zpid/
Condo For Sale,1823 Turk St,San Francisco,CA,94115,"$2,095,000","3 bds , 2.5 ba , 1,947 sqft",Paragon Real Estate Group,https://www.zillow.com/homedetails/1823-Turk-St-San-Francisco-CA-94115/2097380992_zpid/
Condo For Sale,1941 Ofarrell St,San Francisco,CA,94115,"$1,195,000","3 bds , 1.5 ba , 1,708 sqft",Pacific Union International,https://www.zillow.com/homedetails/1941-Ofarrell-St-San-Francisco-CA-94115/15077344_zpid/
Apartment For Sale,3169-3173 Sacramento St,SAN FRANCISCO,CA,94115,"$3,495,000","Studio , -- ba , 4,080 sqft",Compass,https://www.zillow.com/homedetails/3169-3173-Sacramento-St-San-Francisco-CA-94115/15082494_zpid/
Apartment For Sale,2455 2459 Lombard St,San Francisco,CA,94123,"$5,699,000","Studio , -- ba , -- sqft",Compass,https://www.zillow.com/homedetails/2455-2459-Lombard-St-San-Francisco-CA-94123/2090711505_zpid/
Condo For Sale,2447 Vallejo St APT 4,San Francisco,CA,94123,"$1,649,000","2 bds , 1 ba , 1,314 sqft",Sotheby's International Realty,https://www.zillow.com/homedetails/2447-Vallejo-St-APT-4-San-Francisco-CA-94123/15072557_zpid/
