title,address,city,state,postal_code,price,facts and features,real estate provider,url
Condo For Sale,8 Buchanan St UNIT 507,SAN FRANCISCO,CA,94102,"$798,000","1 bd , 1 ba , -- sqft",The Agency,https://www.zillow.com/homedetails/8-Buchanan-St-UNIT-507-San-Francisco-CA-94102/124397889_zpid/
Condo For Sale,238 Parker Ave,San Francisco,CA,94118,"$1,995,000","3 bds , 3 ba , 1,996 sqft",Pacific Union International,https://www.zillow.com/homedetails/238-Parker-Ave-San-Francisco-CA-94118/2089593651_zpid/
Condo For Sale,1865 Clay St APT 5,SAN FRANCISCO,CA,94109,"$1,795,000","3 bds , 2 ba , 1,670 sqft",Pacific Union International,https://www.zillow.com/homedetails/1865-Clay-St-APT-5-San-Francisco-CA-94109/124863103_zpid/
Condo For Sale,1877 Green St,SAN FRANCISCO,CA,94123,"$1,349,000","2 bds , 1 ba , -- sqft",Pacific Union International,https://www.zillow.com/homedetails/1877-Green-St-San-Francisco-CA-94123/15072299_zpid/
Condo For Sale,1970 Green St,SAN FRANCISCO,CA,94123,"$2,825,000","3 bds , 2.5 ba , 2,230 sqft",Sotheby's International Realty,https://www.zillow.com/homedetails/1970-Green-St-San-Francisco-CA-94123/15072022_zpid/
Condo For Sale,30 Quickstep Ln APT 1,SAN FRANCISCO,CA,94115,"$675,000","3 bds , 2 ba , 1,050 sqft",Coldwell Banker Residential Brokerage - San Francisco Lakeside,https://www.zillow.com/homedetails/30-Quickstep-Ln-APT-1-San-Francisco-CA-94115/64972224_zpid/
Condo For Sale,1501 Filbert St APT 7F,SAN FRANCISCO,CA,94123,"$3,500,000","2 bds , 2.5 ba , 1,634 sqft",Pacific Union International,https://www.zillow.com/homedetails/1501-Filbert-St-APT-7F-San-Francisco-CA-94123/125218031_zpid/
House For Sale,2619 Baker St,SAN FRANCISCO,CA,94123,"$4,795,000","4 bds , 3 ba , -- sqft",Compass,https://www.zillow.com/homedetails/2619-Baker-St-San-Francisco-CA-94123/15080554_zpid/
