title,address,city,state,postal_code,price,facts and features,real estate provider,url
House For Sale,147 Hahn St,SAN FRANCISCO,CA,94134,"$849,000","2 bds , 1 ba , 975 sqft",Jackson Fuller Real Estate,https://www.zillow.com/homedetails/147-Hahn-St-San-Francisco-CA-94134/15175096_zpid/
Condo For Sale,101 Crescent Way APT 2202,SAN FRANCISCO,CA,94134,"$829,000","2 bds , 2 ba , 1,063 sqft",,https://www.zillow.com/homedetails/101-Crescent-Way-APT-2202-San-Francisco-CA-94134/64972896_zpid/
Foreclosure,1285 Sunnydale Ave,SAN FRANCISCO,CA,94134,"$700,000","4 bds , 3 ba , 1,726 sqft",ARG Real Estate,https://www.zillow.com/homedetails/1285-Sunnydale-Ave-San-Francisco-CA-94134/15176753_zpid/
House For Sale,89 Teddy Ave,SAN FRANCISCO,CA,94134,"$798,000","3 bds , 2 ba , 1,315 sqft",,https://www.zillow.com/homedetails/89-Teddy-Ave-San-Francisco-CA-94134/15173867_zpid/
House For Sale,168 Parque Dr,SAN FRANCISCO,CA,94134,"$749,000","3 bds , 1.25 ba , 1,231 sqft",Paragon Real Estate Group,https://www.zillow.com/homedetails/168-Parque-Dr-San-Francisco-CA-94134/15176053_zpid/
House For Sale,966 Brussels St,SAN FRANCISCO,CA,94134,"$1,095,000","4 bds , 2 ba , 2,284 sqft",,https://www.zillow.com/homedetails/966-Brussels-St-San-Francisco-CA-94134/15172411_zpid/
House For Sale,1190 Burrows St,SAN FRANCISCO,CA,94134,"$899,000","3 bds , 2 ba , 1,375 sqft",BHHS California Realty,https://www.zillow.com/homedetails/1190-Burrows-St-San-Francisco-CA-94134/15168433_zpid/
House For Sale,555 Argonaut Ave,SAN FRANCISCO,CA,94134,"$748,000","4 bds , 3 ba , 1,728 sqft",Excel Realty,https://www.zillow.com/homedetails/555-Argonaut-Ave-San-Francisco-CA-94134/15176834_zpid/
Condo For Sale,104 Seal Cove Ter,SAN FRANCISCO,CA,94134,"$925,000","4 bds , 4 ba , 1,655 sqft",Paragon Real Estate Group,https://www.zillow.com/homedetails/104-Seal-Cove-Ter-San-Francisco-CA-94134/122245769_zpid/
House For Sale,219 Velasco Ave,SAN FRANCISCO,CA,94134,"$998,800","5 bds , 3 ba , 2,303 sqft",Executive Brokers,https://www.zillow.com/homedetails/219-Velasco-Ave-San-Francisco-CA-94134/15175664_zpid/
House For Sale,294 Tocoloma Ave,SAN FRANCISCO,CA,94134,"$998,000","3 bds , 1.5 ba , 2,395 sqft",Zephyr Real Estate,https://www.zillow.com/homedetails/294-Tocoloma-Ave-San-Francisco-CA-94134/15155379_zpid/
House For Sale,1337 Felton St,SAN FRANCISCO,CA,94134,"$1,088,000","3 bds , 3 ba , 1,338 sqft",Eurus Corp.,https://www.zillow.com/homedetails/1337-Felton-St-San-Francisco-CA-94134/15168395_zpid/
Apartment For Sale,200 Peabody St # 206,San Francisco,CA,94134,"$899,000","Studio , -- ba , 1,409 sqft",Keller Williams Realty,https://www.zillow.com/homedetails/200-Peabody-St-206-San-Francisco-CA-94134/15175533_zpid/
House For Sale,359 Harkness Ave,SAN FRANCISCO,CA,94134,"$1,200,000","3 bds , 2 ba , 1,505 sqft",Real Estate EBroker Inc.,https://www.zillow.com/homedetails/359-Harkness-Ave-San-Francisco-CA-94134/15172900_zpid/
House For Sale,(undisclosed Address),San Francisco,CA,94134,"$1,200,000","4 bds , 2 ba , 3,100 sqft",Infinity Realty,https://www.zillow.com/homedetails/(undisclosed-Address)-San-Francisco-CA-94134/2090543558_zpid/
House For Sale,444 Sawyer St,SAN FRANCISCO,CA,94134,"$799,000","2 bds , 1 ba , 1,302 sqft",,https://www.zillow.com/homedetails/444-Sawyer-St-San-Francisco-CA-94134/15175076_zpid/
