title,address,city,state,postal_code,price,facts and features,real estate provider,url
Condo For Sale,140 S Van Ness Ave UNIT 811,SAN FRANCISCO,CA,94103,"$809,000","1 bd , 1 ba , 795 sqft",Vanguard Properties,https://www.zillow.com/homedetails/140-S-Van-Ness-Ave-UNIT-811-San-Francisco-CA-94103/64969846_zpid/
Condo For Sale,71 73 Woodward St # 71-A,San Francisco,CA,94103,"$689,000","2 bds , 1 ba , -- sqft",Zephyr Real Estate,https://www.zillow.com/homedetails/71-73-Woodward-St-71-A-San-Francisco-CA-94103/2089605553_zpid/
Condo For Sale,190 7th St APT 3,SAN FRANCISCO,CA,94103,"$949,000","1 bd , 2 ba , 1,231 sqft",,https://www.zillow.com/homedetails/190-7th-St-APT-3-San-Francisco-CA-94103/80756604_zpid/
Apartment For Sale,81-83 Pearl St,SAN FRANCISCO,CA,94103,"$1,970,000","Studio , -- ba , 1,280 sqft",Pacific Union International Inc.,https://www.zillow.com/homedetails/81-83-Pearl-St-San-Francisco-CA-94103/15142398_zpid/
Condo For Sale,469 Clementina St APT 5,SAN FRANCISCO,CA,94103,"$758,000","1 bd , 1 ba , 658 sqft",Zephyr Real Estate,https://www.zillow.com/homedetails/469-Clementina-St-APT-5-San-Francisco-CA-94103/15147474_zpid/
Condo For Sale,1075 Market St # 613,San Francisco,CA,94103,"$1,147,000","2 bds , 2 ba , 870 sqft",Level Four Advisors,https://www.zillow.com/homedetails/1075-Market-St-613-San-Francisco-CA-94103/2089631691_zpid/
New Construction,1075 Market St San Francisco # 3NAR1P,San Francisco,CA,94103,"$675,000+","1 bd , 1 ba , 500+ sqft",,https://www.zillow.com/community/stage-1075/2091685331_zpid/
Apartment For Sale,720 15th St,San Francisco,CA,94103,"$2,650,000","Studio , -- ba , 2,996 sqft",Pacific Union International Inc.,https://www.zillow.com/homedetails/720-15th-St-San-Francisco-CA-94103/2110327987_zpid/
New Construction,1075 Market St San Francisco # M9U7C1,San Francisco,CA,94103,"$562,000+","-- bds , 1 ba , 423+ sqft",,https://www.zillow.com/community/stage-1075/2092309971_zpid/
Condo For Sale,1515 15th St APT 205,SAN FRANCISCO,CA,94103,"$1,350,000","2 bds , 2 ba , 1,113 sqft",Pacific Union International Inc.,https://www.zillow.com/homedetails/1515-15th-St-APT-205-San-Francisco-CA-94103/125243684_zpid/
Condo For Sale,638 Minna St APT 9,SAN FRANCISCO,CA,94103,"$1,095,000","2 bds , 2.5 ba , 1,698 sqft",,https://www.zillow.com/homedetails/638-Minna-St-APT-9-San-Francisco-CA-94103/80731358_zpid/
Apartment For Sale,23 Boardman Pl,San Francisco,CA,94103,"$2,690,000","Studio , -- ba , 4,450 sqft",JODI Group,https://www.zillow.com/homedetails/23-Boardman-Pl-San-Francisco-CA-94103/15148747_zpid/
Condo For Sale,1160 Mission St UNIT 1610,SAN FRANCISCO,CA,94103,"$829,000","1 bd , 1 ba , 756 sqft",,https://www.zillow.com/homedetails/1160-Mission-St-UNIT-1610-San-Francisco-CA-94103/82818095_zpid/
Condo For Sale,270 Valencia St APT 201,SAN FRANCISCO,CA,94103,"$456,896","2 bds , 1 ba , 816 sqft",Vanguard Properties,https://www.zillow.com/homedetails/270-Valencia-St-APT-201-San-Francisco-CA-94103/69819084_zpid/
Condo For Sale,742 Natoma St,SAN FRANCISCO,CA,94103,"$899,000","2 bds , 2 ba , 1,180 sqft",,https://www.zillow.com/homedetails/742-Natoma-St-San-Francisco-CA-94103/125244035_zpid/
Coming Soon,542 Natoma St # 2,San Francisco,CA,94103,"$2,295,000","2 bds , 3 ba , 2,421 sqft",,https://www.zillow.com/homedetails/542-Natoma-St-2-San-Francisco-CA-94103/184752068_zpid/
Condo For Sale,49 Guerrero St,San Francisco,CA,94103,"$1,699,995","4 bds , 2 ba , 1,518 sqft",Compass,https://www.zillow.com/homedetails/49-Guerrero-St-San-Francisco-CA-94103/2089823053_zpid/
Condo For Sale,53 Guerrero St,San Francisco,CA,94103,"$1,899,995","4 bds , 3 ba , 1,486 sqft",Compass,https://www.zillow.com/homedetails/53-Guerrero-St-San-Francisco-CA-94103/2089832953_zpid/
Condo For Sale,99 Rausch St # 302,San Francisco,CA,94103,"$789,000","1 bd , 1 ba , 625 sqft",Vista Group,https://www.zillow.com/homedetails/99-Rausch-St-302-San-Francisco-CA-94103/2089851327_zpid/
Condo For Sale,1075 Market St # 207,San Francisco,CA,94103,"$679,000","1 bd , 1 ba , 500 sqft",Level Four Advisors,https://www.zillow.com/homedetails/1075-Market-St-207-San-Francisco-CA-94103/2089852979_zpid/
Condo For Sale,1075 Market St # 506,San Francisco,CA,94103,"$859,000","1 bd , 1 ba , 672 sqft",Level Four Advisors,https://www.zillow.com/homedetails/1075-Market-St-506-San-Francisco-CA-94103/2089853068_zpid/
Condo For Sale,1075 Market St # 501,San Francisco,CA,94103,"$630,000","Studio , 1 ba , 500 sqft",Level Four Advisors,https://www.zillow.com/homedetails/1075-Market-St-501-San-Francisco-CA-94103/2089853178_zpid/
Condo For Sale,1075 Market St # 805,San Francisco,CA,94103,"$629,000","Studio , 1 ba , 453 sqft",Level Four Advisors,https://www.zillow.com/homedetails/1075-Market-St-805-San-Francisco-CA-94103/2089853179_zpid/
Condo For Sale,1075 Market St # 801,San Francisco,CA,94103,"$709,000","Studio , 1 ba , 495 sqft",Level Four Advisors,https://www.zillow.com/homedetails/1075-Market-St-801-San-Francisco-CA-94103/2089854378_zpid/
Condo For Sale,1277 Howard St UNIT 5,SAN FRANCISCO,CA,94103,"$1,248,000","2 bds , 2 ba , 1,158 sqft",Silver Creek Realty Group,https://www.zillow.com/homedetails/1277-Howard-St-UNIT-5-San-Francisco-CA-94103/79847439_zpid/
