title,address,city,state,postal_code,price,facts and features,real estate provider,url
House For Sale,1374 Sanchez St,SAN FRANCISCO,CA,94131,"$1,795,000","2 bds , 2 ba , 1,087 sqft",Compass,https://www.zillow.com/homedetails/1374-Sanchez-St-San-Francisco-CA-94131/15182051_zpid/
House For Sale,331 Day St,SAN FRANCISCO,CA,94131,"$1,675,000","3 bds , 1.5 ba , 1,845 sqft",Compass,https://www.zillow.com/homedetails/331-Day-St-San-Francisco-CA-94131/15183559_zpid/
House For Sale,289 Joost Ave,SAN FRANCISCO,CA,94131,"$1,350,000","3 bds , 2 ba , 1,970 sqft",Coldwell Banker Residential Brokerage - San Francisco Lakeside,https://www.zillow.com/homedetails/289-Joost-Ave-San-Francisco-CA-94131/15186041_zpid/
Condo For Sale,179 Carnelian Way,SAN FRANCISCO,CA,94131,"$1,595,000","3 bds , 3 ba , 2,133 sqft",Urbanites Real Estate Inc.,https://www.zillow.com/homedetails/179-Carnelian-Way-San-Francisco-CA-94131/15198586_zpid/
House For Sale,787 27th St,SAN FRANCISCO,CA,94131,"$1,995,000","4 bds , 2 ba , 1,850 sqft",,https://www.zillow.com/homedetails/787-27th-St-San-Francisco-CA-94131/15182227_zpid/
House For Sale,130 Swiss Ave,SAN FRANCISCO,CA,94131,"$1,295,000","2 bds , 2 ba , 1,334 sqft",Zephyr Real Estate,https://www.zillow.com/homedetails/130-Swiss-Ave-San-Francisco-CA-94131/15184547_zpid/
Condo For Sale,5082 Diamond Heights Blvd # C,San Francisco,CA,94131,"$1,195,000","Studio , -- ba , 1,200 sqft",Vanguard Properties,https://www.zillow.com/homedetails/5082-Diamond-Heights-Blvd-C-San-Francisco-CA-94131/15198924_zpid/
House For Sale,477 Duncan St,SAN FRANCISCO,CA,94131,"$1,649,000","2 bds , 1 ba , 1,068 sqft",,https://www.zillow.com/homedetails/477-Duncan-St-San-Francisco-CA-94131/15182720_zpid/
House For Sale,667 28th St,SAN FRANCISCO,CA,94131,"$2,250,000","3 bds , 2 ba , 1,850 sqft",Sotheby's International Realty,https://www.zillow.com/homedetails/667-28th-St-San-Francisco-CA-94131/15199485_zpid/
House For Sale,18 Starview Way,SAN FRANCISCO,CA,94131,"$1,295,000","3 bds , 2 ba , -- sqft",Pacific Union International Inc.,https://www.zillow.com/homedetails/18-Starview-Way-San-Francisco-CA-94131/15132045_zpid/
Apartment For Sale,3533-3535 Market St,SAN FRANCISCO,CA,94131,"$1,750,000","Studio , -- ba , 1,926 sqft",Zephyr Real Estate,https://www.zillow.com/homedetails/3533-3535-Market-St-San-Francisco-CA-94131/15130270_zpid/
House For Sale,227 Panorama Dr,SAN FRANCISCO,CA,94131,"$1,750,000","4 bds , 3 ba , 2,100 sqft",Zephyr Real Estate,https://www.zillow.com/homedetails/227-Panorama-Dr-San-Francisco-CA-94131/15131905_zpid/
House For Sale,141 Devonshire Way,SAN FRANCISCO,CA,94131,"$2,098,000","4 bds , 4 ba , 2,107 sqft",Zephyr Real Estate,https://www.zillow.com/homedetails/141-Devonshire-Way-San-Francisco-CA-94131/15128843_zpid/
House For Sale,5567 Diamond Heights Blvd,SAN FRANCISCO,CA,94131,"$1,800,000","3 bds , 2 ba , 1,560 sqft",Coldwell Banker Residential Brokerage - San Francisco Pacific Heights,https://www.zillow.com/homedetails/5567-Diamond-Heights-Blvd-San-Francisco-CA-94131/15200447_zpid/
House For Sale,172 Chilton Ave,SAN FRANCISCO,CA,94131,"$948,000","2 bds , 1 ba , 874 sqft",Coldwell Banker Residential Brokerage - San Francisco Market Street,https://www.zillow.com/homedetails/172-Chilton-Ave-San-Francisco-CA-94131/15185675_zpid/
Condo For Sale,5003 Diamond Heights Blvd,SAN FRANCISCO,CA,94131,"$1,199,000","3 bds , 2.5 ba , 2,160 sqft",Zephyr Real Estate,https://www.zillow.com/homedetails/5003-Diamond-Heights-Blvd-San-Francisco-CA-94131/15198597_zpid/
Condo For Sale,175 Red Rock Way APT 108K,SAN FRANCISCO,CA,94131,"$549,000","Studio , 1 ba , 592 sqft",,https://www.zillow.com/homedetails/175-Red-Rock-Way-APT-108K-San-Francisco-CA-94131/15199208_zpid/
Apartment For Sale,92 Cameo Way,San Francisco,CA,94131,"$1,999,000","Studio , -- ba , 3,480 sqft",Coldwell Banker Residential Brokerage - San Francisco Pacific Heights,https://www.zillow.com/homedetails/92-Cameo-Way-San-Francisco-CA-94131/2089832357_zpid/
Apartment For Sale,579 Burnett Ave,San Francisco,CA,94131,"$2,480,000","Studio , -- ba , 4,994 sqft",RE/MAX Star Properties,https://www.zillow.com/homedetails/579-Burnett-Ave-San-Francisco-CA-94131/2103132972_zpid/
Apartment For Sale,587 Burnett Ave,San Francisco,CA,94131,"$5,800,000","Studio , -- ba , 11,538 sqft",,https://www.zillow.com/homedetails/587-Burnett-Ave-San-Francisco-CA-94131/2112563694_zpid/
House For Sale,1484 Noe St,SAN FRANCISCO,CA,94131,"$2,895,000","3 bds , 3 ba , 3,000 sqft",Vanguard Properties,https://www.zillow.com/homedetails/1484-Noe-St-San-Francisco-CA-94131/15182739_zpid/
Condo For Sale,222 28th St,SAN FRANCISCO,CA,94131,"$1,398,000","3 bds , 1.5 ba , 1,225 sqft",Engel & Volkers San Francisco,https://www.zillow.com/homedetails/222-28th-St-San-Francisco-CA-94131/15182658_zpid/
House For Sale,189 Warren Dr,SAN FRANCISCO,CA,94131,"$2,388,888","5 bds , 4 ba , 2,758 sqft",Better Homes and Gardens Real Estate J.F. Finnegan Realtors,https://www.zillow.com/homedetails/189-Warren-Dr-San-Francisco-CA-94131/15128969_zpid/
Condo For Sale,95 Ora Way # F306,San Francisco,CA,94131,"$326,813","2 bds , 1 ba , 890 sqft",Vanguard Properties,https://www.zillow.com/homedetails/95-Ora-Way-F306-San-Francisco-CA-94131/15199924_zpid/
House For Sale,65 Hiliritas Ave,SAN FRANCISCO,CA,94131,"$3,595,000","4 bds , 3.5 ba , 3,114 sqft",Shamrock Real Estate Company,https://www.zillow.com/homedetails/65-Hiliritas-Ave-San-Francisco-CA-94131/125243452_zpid/
