title,address,city,state,postal_code,price,facts and features,real estate provider,url
Condo For Sale,220 Liberty St,SAN FRANCISCO,CA,94114,"$1,295,000","2 bds , 1 ba , 1,525 sqft",Sotheby's International Realty,https://www.zillow.com/homedetails/220-Liberty-St-San-Francisco-CA-94114/111931723_zpid/
Apartment For Sale,432 Collingwood St,SAN FRANCISCO,CA,94114,"$1,098,000","Studio , -- ba , 960 sqft",Compass,https://www.zillow.com/homedetails/432-Collingwood-St-San-Francisco-CA-94114/15130757_zpid/
House For Sale,591 Clipper St,SAN FRANCISCO,CA,94114,"$1,295,000","2 bds , 1 ba , -- sqft",Zephyr Real Estate,https://www.zillow.com/homedetails/591-Clipper-St-San-Francisco-CA-94114/15181577_zpid/
House For Sale,924 Noe St,SAN FRANCISCO,CA,94114,"$3,895,000","4 bds , 3.5 ba , 2,920 sqft",Vanguard Properties,https://www.zillow.com/homedetails/924-Noe-St-San-Francisco-CA-94114/15146352_zpid/
Condo For Sale,160 Corwin St APT 4,San Francisco,CA,94114,"$1,250,000","2 bds , 1 ba , -- sqft",Pacific Union International,https://www.zillow.com/homedetails/160-Corwin-St-APT-4-San-Francisco-CA-94114/184732122_zpid/
Condo For Sale,4171 24th St # 401,San Francisco,CA,94114,"$1,595,000","2 bds , 2 ba , 939 sqft",,https://www.zillow.com/homedetails/4171-24th-St-401-San-Francisco-CA-94114/2089609060_zpid/
Condo For Sale,4545 18th St,San Francisco,CA,94114,"$1,350,000","2 bds , 2 ba , 1,334 sqft",,https://www.zillow.com/homedetails/4545-18th-St-San-Francisco-CA-94114/2089610202_zpid/
House For Sale,437 Hoffman Ave,SAN FRANCISCO,CA,94114,"$1,995,000","4 bds , 2 ba , 2,300 sqft",Pacific Union International Inc.,https://www.zillow.com/homedetails/437-Hoffman-Ave-San-Francisco-CA-94114/15180057_zpid/
Condo For Sale,3933 25th St,San Francisco,CA,94114,"$998,000","2 bds , 1 ba , 1,185 sqft",,https://www.zillow.com/homedetails/3933-25th-St-San-Francisco-CA-94114/2097299617_zpid/
House For Sale,4536 20th St,SAN FRANCISCO,CA,94114,"$1,600,000","4 bds , 2 ba , 1,840 sqft",Compass,https://www.zillow.com/homedetails/4536-20th-St-San-Francisco-CA-94114/15129435_zpid/
Condo For Sale,553 Clipper St # 1,San Francisco,CA,94114,"$1,290,000","3 bds , 1 ba , 1,136 sqft",Norcal Realty,https://www.zillow.com/homedetails/553-Clipper-St-1-San-Francisco-CA-94114/2089678693_zpid/
House For Sale,446 Hill St,SAN FRANCISCO,CA,94114,"$2,300,000","3 bds , 2 ba , 1,425 sqft",Scardino & Associates Real Estate,https://www.zillow.com/homedetails/446-Hill-St-San-Francisco-CA-94114/15146234_zpid/
Condo For Sale,1045 Diamond St,SAN FRANCISCO,CA,94114,"$799,000","1 bd , 1 ba , -- sqft",,https://www.zillow.com/homedetails/1045-Diamond-St-San-Francisco-CA-94114/111921319_zpid/
Condo For Sale,741 Noe St,SAN FRANCISCO,CA,94114,"$1,595,000","3 bds , 2 ba , 1,562 sqft",Pacific Union International Inc.,https://www.zillow.com/homedetails/741-Noe-St-San-Francisco-CA-94114/82785823_zpid/
Condo For Sale,2027 Market St APT 1,SAN FRANCISCO,CA,94114,"$949,000","2 bds , 2 ba , 998 sqft",Zephyr Real Estate,https://www.zillow.com/homedetails/2027-Market-St-APT-1-San-Francisco-CA-94114/15142756_zpid/
Condo For Sale,3732 23rd St APT 1,SAN FRANCISCO,CA,94114,"$699,000","1 bd , 1 ba , 434 sqft",Vanguard Properties,https://www.zillow.com/homedetails/3732-23rd-St-APT-1-San-Francisco-CA-94114/59700451_zpid/
House For Sale,4087 17th St,SAN FRANCISCO,CA,94114,"$1,995,000","2 bds , 2 ba , 1,945 sqft",Coldwell Banker Residential Brokerage - San Francisco Pacific Heights,https://www.zillow.com/homedetails/4087-17th-St-San-Francisco-CA-94114/15128225_zpid/
Condo For Sale,568 Sanchez St,SAN FRANCISCO,CA,94114,"$2,095,000","3 bds , 2.5 ba , 1,992 sqft",Paragon Real Estate Group,https://www.zillow.com/homedetails/568-Sanchez-St-San-Francisco-CA-94114/79841533_zpid/
Condo For Sale,570 Sanchez St,SAN FRANCISCO,CA,94114,"$599,000","Studio , 1 ba , 435 sqft",Paragon Real Estate Group,https://www.zillow.com/homedetails/570-Sanchez-St-San-Francisco-CA-94114/79847072_zpid/
Condo For Sale,208 States St APT 3,SAN FRANCISCO,CA,94114,"$799,000","1 bd , 1 ba , -- sqft",Zephyr Real Estate,https://www.zillow.com/homedetails/208-States-St-APT-3-San-Francisco-CA-94114/116156728_zpid/
New Construction,4171 24th St # 202,San Francisco,CA,94114,"$1,195,000","2 bds , 2 ba , 738 sqft",,https://www.zillow.com/homedetails/4171-24th-St-202-San-Francisco-CA-94114/2089790413_zpid/
Apartment For Sale,241 Noe St,San Francisco,CA,94114,"$2,799,000","Studio , -- ba , 4,416 sqft",Vanguard Properties,https://www.zillow.com/homedetails/241-Noe-St-San-Francisco-CA-94114/2090417063_zpid/
House For Sale,731 Noe St,SAN FRANCISCO,CA,94114,"$2,299,000","3 bds , 2 ba , 1,258 sqft",,https://www.zillow.com/homedetails/731-Noe-St-San-Francisco-CA-94114/15145363_zpid/
Condo For Sale,71 Sanchez St APT A,San Francisco,CA,94114,"$799,000","1 bd , 1 ba , 768 sqft",Zephyr Real Estate,https://www.zillow.com/homedetails/71-Sanchez-St-APT-A-San-Francisco-CA-94114/241586673_zpid/
Condo For Sale,259 Sanchez St,San Francisco,CA,94114,"$1,499,000","3 bds , 2 ba , 4,055 sqft",Ackerman Realty Group,https://www.zillow.com/homedetails/259-Sanchez-St-San-Francisco-CA-94114/2089822533_zpid/
