title,address,city,state,postal_code,price,facts and features,real estate provider,url
House For Sale,62 Miramar Ave,SAN FRANCISCO,CA,94112,"$995,000","3 bds , 2 ba , 1,500 sqft",Zephyr Real Estate,https://www.zillow.com/homedetails/62-Miramar-Ave-San-Francisco-CA-94112/15190697_zpid/
House For Sale,21 Agnon Ave,SAN FRANCISCO,CA,94112,"$1,495,000","3 bds , 2 ba , 2,235 sqft",Sotheby's International Realty - San Francisco Brokerage,https://www.zillow.com/homedetails/21-Agnon-Ave-San-Francisco-CA-94112/15164463_zpid/
House For Sale,255 Ellington Ave,SAN FRANCISCO,CA,94112,"$799,800","3 bds , 2 ba , 1,325 sqft",Mc Investments Advisory,https://www.zillow.com/homedetails/255-Ellington-Ave-San-Francisco-CA-94112/15191745_zpid/
Condo For Sale,5871 Mission St APT 2,SAN FRANCISCO,CA,94112,"$488,888","1 bd , 1 ba , 585 sqft",Better Homes and Gardens Real Estate J.F. Finnegan Realtors,https://www.zillow.com/homedetails/5871-Mission-St-APT-2-San-Francisco-CA-94112/15178889_zpid/
Apartment For Sale,131 Russia Ave,San Francisco,CA,94112,"$1,490,000","Studio , -- ba , 3,900 sqft",CENTURY 21 Real Estate Alliance,https://www.zillow.com/homedetails/131-Russia-Ave-San-Francisco-CA-94112/2089677283_zpid/
House For Sale,920 Cayuga Ave,SAN FRANCISCO,CA,94112,"$1,599,999","9 bds , 3.5 ba , 3,382 sqft",RE/MAX Westlake Investments,https://www.zillow.com/homedetails/920-Cayuga-Ave-San-Francisco-CA-94112/15188240_zpid/
Apartment For Sale,4479 Mission St # 4481,San Francisco,CA,94112,"$1,099,000","Studio , -- ba , 3,000 sqft",Coldwell Banker Res. R.E. Svcs,https://www.zillow.com/homedetails/4479-Mission-St-4481-San-Francisco-CA-94112/241587254_zpid/
House For Sale,4990 Mission St,San Francisco,CA,94112,"$1,680,000","12 bds , 9 ba , 3,500 sqft","Real Estate Source, Inc.",https://www.zillow.com/homedetails/4990-Mission-St-San-Francisco-CA-94112/2102942535_zpid/
House For Sale,500 Cordova St,SAN FRANCISCO,CA,94112,"$795,000","2 bds , 1 ba , 1,118 sqft",Zephyr Real Estate,https://www.zillow.com/homedetails/500-Cordova-St-San-Francisco-CA-94112/15178279_zpid/
House For Sale,282 Moscow St,SAN FRANCISCO,CA,94112,"$899,000","2 bds , 1 ba , 1,025 sqft",Zephyr Real Estate,https://www.zillow.com/homedetails/282-Moscow-St-San-Francisco-CA-94112/15169115_zpid/
House For Sale,24 Junior Ter,SAN FRANCISCO,CA,94112,"$895,000","2 bds , 1 ba , 1,292 sqft",Venturi & Paolini Real Estate,https://www.zillow.com/homedetails/24-Junior-Ter-San-Francisco-CA-94112/15188584_zpid/
House For Sale,118 Russia Ave,SAN FRANCISCO,CA,94112,"$995,000","2 bds , 1 ba , 1,200 sqft",Vanguard Properties,https://www.zillow.com/homedetails/118-Russia-Ave-San-Francisco-CA-94112/15174570_zpid/
House For Sale,961 Athens St,SAN FRANCISCO,CA,94112,"$849,000","2 bds , 1 ba , 1,022 sqft",Coldwell Banker Residential Brokerage - San Francisco Pacific Heights,https://www.zillow.com/homedetails/961-Athens-St-San-Francisco-CA-94112/15177053_zpid/
House For Sale,60 Lamartine St,SAN FRANCISCO,CA,94112,"$898,000","3 bds , 2 ba , 1,750 sqft",InSync Real Estate,https://www.zillow.com/homedetails/60-Lamartine-St-San-Francisco-CA-94112/15186423_zpid/
House For Sale,590 Moscow St,SAN FRANCISCO,CA,94112,"$998,000","4 bds , 3 ba , 1,446 sqft",Coldwell Banker Residential Brokerage - San Francisco Sunset,https://www.zillow.com/homedetails/590-Moscow-St-San-Francisco-CA-94112/15171337_zpid/
House For Sale,80 Danton St,SAN FRANCISCO,CA,94112,"$1,395,000","3 bds , 3 ba , 2,550 sqft",Zephyr Real Estate,https://www.zillow.com/homedetails/80-Danton-St-San-Francisco-CA-94112/15186444_zpid/
House For Sale,154 Westwood Dr,SAN FRANCISCO,CA,94112,"$1,798,000","5 bds , 5 ba , 2,503 sqft",CENTURY 21 Real Estate Alliance,https://www.zillow.com/homedetails/154-Westwood-Dr-San-Francisco-CA-94112/15140632_zpid/
House For Sale,100 Florentine St,SAN FRANCISCO,CA,94112,"$2,338,000","12 bds , 12 ba , 3,463 sqft",Excel Realty,https://www.zillow.com/homedetails/100-Florentine-St-San-Francisco-CA-94112/15179074_zpid/
House For Sale,254 Maynard St,SAN FRANCISCO,CA,94112,"$795,000","2 bds , 1 ba , 687 sqft",Sotheby's International Realty,https://www.zillow.com/homedetails/254-Maynard-St-San-Francisco-CA-94112/15166342_zpid/
House For Sale,270 Minerva St,SAN FRANCISCO,CA,94112,"$995,000","4 bds , 2 ba , -- sqft",,https://www.zillow.com/homedetails/270-Minerva-St-San-Francisco-CA-94112/15192980_zpid/
House For Sale,146 Athens St,SAN FRANCISCO,CA,94112,"$799,000","2 bds , 1 ba , 750 sqft",Coldwell Banker Residential Brokerage - San Francisco Lakeside,https://www.zillow.com/homedetails/146-Athens-St-San-Francisco-CA-94112/15168054_zpid/
House For Sale,283 Minerva St,SAN FRANCISCO,CA,94112,"$1,150,000","2 bds , 1 ba , 596 sqft",CENTURY 21 Real Estate Alliance,https://www.zillow.com/homedetails/283-Minerva-St-San-Francisco-CA-94112/15193851_zpid/
Lot/Land For Sale,287 Minerva St,SAN FRANCISCO,CA,94112,"$425,000","3,123 sqft lot",CENTURY 21 Real Estate Alliance,https://www.zillow.com/homedetails/287-Minerva-St-San-Francisco-CA-94112/125243060_zpid/
House For Sale,121 Gladstone Dr,SAN FRANCISCO,CA,94112,"$788,888","2 bds , 1 ba , 707 sqft",,https://www.zillow.com/homedetails/121-Gladstone-Dr-San-Francisco-CA-94112/15166384_zpid/
House For Sale,849 Rolph St,SAN FRANCISCO,CA,94112,"$899,000","4 bds , 2 ba , 2,290 sqft",KC Strategy Inc.,https://www.zillow.com/homedetails/849-Rolph-St-San-Francisco-CA-94112/15176996_zpid/
