title,address,city,state,postal_code,price,facts and features,real estate provider,url
House For Sale,2 Rosella Ct,San Francisco,CA,94112,"$949,000","2 bds , 1 ba , 1,026 sqft",Vision Realty Group,https://www.zillow.com/homedetails/2-Rosella-Ct-San-Francisco-CA-94112/15188253_zpid/
House For Sale,171 Twin Peaks Blvd,San Francisco,CA,94114,"$2,988,000","3 bds , -- ba , 2,900 sqft",Realty World - Dominion,https://www.zillow.com/homedetails/171-Twin-Peaks-Blvd-San-Francisco-CA-94114/15129661_zpid/
Apartment For Sale,1671-1675 Turk St,SAN FRANCISCO,CA,94115,"$1,575,000","Studio , -- ba , 2,000 sqft",Hill & Co.,https://www.zillow.com/homedetails/1671-1675-Turk-St-San-Francisco-CA-94115/15077532_zpid/
Condo For Sale,267 271 Hermann St # 267,San Francisco,CA,94117,"$899,000","2 bds , 1 ba , -- sqft",Vanguard Properties,https://www.zillow.com/homedetails/267-271-Hermann-St-267-San-Francisco-CA-94117/2090856900_zpid/
Condo For Sale,5175 Diamond Heights Blvd APT 123,San Francisco,CA,94131,"$858,000","2 bds , 2 ba , 1,050 sqft",Intero Real Estate Services,https://www.zillow.com/homedetails/5175-Diamond-Heights-Blvd-APT-123-San-Francisco-CA-94131/15199430_zpid/
New Construction,201 Folsom St # 52P34K,San Francisco,CA,94105,"$1,870,000+","2 bds , 2 ba , 1,189+ sqft",,https://www.zillow.com/community/lumina/2098636734_zpid/
Condo For Sale,355 1st St UNIT S1603,San Francisco,CA,94105,"$939,000","1 bd , 1 ba , 795 sqft",Paragon Real Estate Group,https://www.zillow.com/homedetails/355-1st-St-UNIT-S1603-San-Francisco-CA-94105/2090860425_zpid/
Apartment For Sale,2310 Bryant St,San Francisco,CA,94110,"$1,950,000","4 bds , 3 ba , 1,838 sqft",Mai Realty & Loan,https://www.zillow.com/homedetails/2310-Bryant-St-San-Francisco-CA-94110/2090861046_zpid/
