title,address,city,state,postal_code,price,facts and features,real estate provider,url
House For Sale,1863 18th Ave,SAN FRANCISCO,CA,94122,"$1,295,000","3 bds , 2 ba , 1,712 sqft",Zephyr Real Estate,https://www.zillow.com/homedetails/1863-18th-Ave-San-Francisco-CA-94122/15112220_zpid/
House For Sale,1293 37th Ave,SAN FRANCISCO,CA,94122,"$1,899,000","4 bds , 3.5 ba , 2,473 sqft",Norcal Realty,https://www.zillow.com/homedetails/1293-37th-Ave-San-Francisco-CA-94122/15101284_zpid/
House For Sale,432 Moraga St,SAN FRANCISCO,CA,94122,"$3,150,000","4 bds , 4.5 ba , 3,832 sqft",,https://www.zillow.com/homedetails/432-Moraga-St-San-Francisco-CA-94122/15109787_zpid/
House For Sale,1461 7th Ave,SAN FRANCISCO,CA,94122,"$1,799,000","4 bds , 2 ba , 2,050 sqft",Pacific Union International Inc.,https://www.zillow.com/homedetails/1461-7th-Ave-San-Francisco-CA-94122/15106019_zpid/
House For Sale,1539 35th Ave,SAN FRANCISCO,CA,94122,"$1,195,000","2 bds , 1 ba , 1,851 sqft",,https://www.zillow.com/homedetails/1539-35th-Ave-San-Francisco-CA-94122/15107456_zpid/
House For Sale,1375 34th Ave,SAN FRANCISCO,CA,94122,"$1,198,000","2 bds , 2 ba , 1,425 sqft",BHHS California Realty,https://www.zillow.com/homedetails/1375-34th-Ave-San-Francisco-CA-94122/15103592_zpid/
House For Sale,1551 26th Ave,SAN FRANCISCO,CA,94122,"$1,249,990","3 bds , 2 ba , 1,405 sqft",Sotheby's International Realty,https://www.zillow.com/homedetails/1551-26th-Ave-San-Francisco-CA-94122/15107036_zpid/
House For Sale,1516 Great Hwy,SAN FRANCISCO,CA,94122,"$1,298,000","4 bds , 3 ba , 2,120 sqft",Compass,https://www.zillow.com/homedetails/1516-Great-Hwy-San-Francisco-CA-94122/15108017_zpid/
Apartment For Sale,1285-1287 48th Ave,SAN FRANCISCO,CA,94122,"$1,688,000","Studio , -- ba , 2,710 sqft",Chu Real Estate and Investment,https://www.zillow.com/homedetails/1285-1287-48th-Ave-San-Francisco-CA-94122/15100767_zpid/
House For Sale,1242 41st Ave,SAN FRANCISCO,CA,94122,"$799,000","2 bds , 1 ba , 1,360 sqft",Realty World - Advance Group,https://www.zillow.com/homedetails/1242-41st-Ave-San-Francisco-CA-94122/15101143_zpid/
House For Sale,1219 32nd Ave,SAN FRANCISCO,CA,94122,"$1,488,888","5 bds , 3 ba , 1,927 sqft",Century 21 Real Estate Alliance,https://www.zillow.com/homedetails/1219-32nd-Ave-San-Francisco-CA-94122/15101466_zpid/
Apartment For Sale,1559 1561 7th Ave,San Francisco,CA,94122,"$1,875,000","Studio , -- ba , 2,584 sqft",Coldwell Banker Residential Brokerage - San Francisco Pacific Heights,https://www.zillow.com/homedetails/1559-1561-7th-Ave-San-Francisco-CA-94122/2089706292_zpid/
House For Sale,1559 7th Ave,SAN FRANCISCO,CA,94122,"$1,875,000","4 bds , 4 ba , 2,584 sqft",Coldwell Banker Residential Brokerage - San Francisco Pacific Heights,https://www.zillow.com/homedetails/1559-7th-Ave-San-Francisco-CA-94122/15106175_zpid/
Apartment For Sale,1451 1453a 18th Ave,San Francisco,CA,94122,"$1,928,000","Studio , -- ba , 2,700 sqft","West & Praszker, REALTORS®",https://www.zillow.com/homedetails/1451-1453a-18th-Ave-San-Francisco-CA-94122/2089707581_zpid/
House For Sale,1286 34th Ave,SAN FRANCISCO,CA,94122,"$1,575,000","3 bds , 2 ba , 2,043 sqft","Barry, REALTORS®, J.",https://www.zillow.com/homedetails/1286-34th-Ave-San-Francisco-CA-94122/15101440_zpid/
House For Sale,1248 34th Ave,San Francisco,CA,94122,"$889,000","2 bds , 1 ba , 1,147 sqft",,https://www.zillow.com/homedetails/1248-34th-Ave-San-Francisco-CA-94122/2100157669_zpid/
House For Sale,1139 Moraga St,SAN FRANCISCO,CA,94122,"$1,095,000","2 bds , 2 ba , 1,475 sqft",Zephyr Real Estate,https://www.zillow.com/homedetails/1139-Moraga-St-San-Francisco-CA-94122/15111382_zpid/
House For Sale,4527 Lincoln Way,San Francisco,CA,94122,"$1,995,000","Studio , -- ba , 3,880 sqft",,https://www.zillow.com/homedetails/4527-Lincoln-Way-San-Francisco-CA-94122/15100876_zpid/
Apartment For Sale,1364 1368 47th Ave,San Francisco,CA,94122,"$1,788,000","Studio , -- ba , 3,100 sqft",Kenney & Everest Real Estate,https://www.zillow.com/homedetails/1364-1368-47th-Ave-San-Francisco-CA-94122/2090141236_zpid/
House For Sale,1375 32nd Ave,SAN FRANCISCO,CA,94122,"$1,389,000","2 bds , 2 ba , 1,375 sqft",Prime Meridian Realty & Mtg.,https://www.zillow.com/homedetails/1375-32nd-Ave-San-Francisco-CA-94122/15103489_zpid/
House For Sale,1771 11th Ave,SAN FRANCISCO,CA,94122,"$1,749,000","4 bds , 2 ba , 2,210 sqft",Compass,https://www.zillow.com/homedetails/1771-11th-Ave-San-Francisco-CA-94122/15111560_zpid/
House For Sale,1832 16th Ave,SAN FRANCISCO,CA,94122,"$2,195,000","5 bds , 4 ba , 3,917 sqft",,https://www.zillow.com/homedetails/1832-16th-Ave-San-Francisco-CA-94122/15112097_zpid/
House For Sale,1858 36th Ave,SAN FRANCISCO,CA,94122,"$1,588,888","3 bds , 2 ba , 1,705 sqft",StoneCrest Real Estate,https://www.zillow.com/homedetails/1858-36th-Ave-San-Francisco-CA-94122/15113065_zpid/
