title,address,city,state,postal_code,price,facts and features,real estate provider,url
Condo For Sale,301 Main St UNIT 25E,SAN FRANCISCO,CA,94105,"$1,850,000","2 bds , 2 ba , 1,180 sqft",Skybox Realty,https://www.zillow.com/homedetails/301-Main-St-UNIT-25E-San-Francisco-CA-94105/89239351_zpid/
New Construction,181 Fremont St # 7O3M5Y,San Francisco,CA,94105,"$3,715,000+","2 bds , 3 ba , 1,605+ sqft",,https://www.zillow.com/community/181-fremont/2093048632_zpid/
Condo For Sale,201 Harrison St APT 1129,SAN FRANCISCO,CA,94105,"$559,000","Studio , 1 ba , 432 sqft",Redfin,https://www.zillow.com/homedetails/201-Harrison-St-APT-1129-San-Francisco-CA-94105/15148411_zpid/
Condo For Sale,338 Main St UNIT 10A,San Francisco,CA,94105,"$1,955,000","2 bds , 2 ba , 1,385 sqft",Pacific Union International Inc.,https://www.zillow.com/homedetails/338-Main-St-UNIT-10A-San-Francisco-CA-94105/2089613182_zpid/
Coming Soon,425 1st St UNIT 3604,SAN FRANCISCO,CA,94105,"$895,000","1 bd , 1 ba , 605 sqft",Climb Real Estate,https://www.zillow.com/homedetails/425-1st-St-UNIT-3604-San-Francisco-CA-94105/82804681_zpid/
Condo For Sale,401 Harrison St APT 24G,San Francisco,CA,94105,"$1,081,000","1 bd , 1 ba , 759 sqft",Compass,https://www.zillow.com/homedetails/401-Harrison-St-APT-24G-San-Francisco-CA-94105/2089670959_zpid/
New Construction,181 Fremont St # 227L9M,San Francisco,CA,94105,"$5,630,000+","3 bds , 4 ba , 1,882+ sqft",,https://www.zillow.com/community/181-fremont/2093048631_zpid/
Condo For Sale,300 Beale St APT 305,SAN FRANCISCO,CA,94105,"$1,095,000","1 bd , 1 ba , 1,096 sqft",Paragon Real Estate Group,https://www.zillow.com/homedetails/300-Beale-St-APT-305-San-Francisco-CA-94105/80751987_zpid/
Condo For Sale,338 Spear St UNIT 29A,SAN FRANCISCO,CA,94105,"$1,695,000","2 bds , 2 ba , -- sqft",Paragon Real Estate Group,https://www.zillow.com/homedetails/338-Spear-St-UNIT-29A-San-Francisco-CA-94105/89238657_zpid/
Condo For Sale,403 Main St APT 114N,SAN FRANCISCO,CA,94105,"$690,000","1 bd , 1 ba , 473 sqft",Climb Real Estate,https://www.zillow.com/homedetails/403-Main-St-APT-114N-San-Francisco-CA-94105/15148531_zpid/
Condo For Sale,338 Spear St UNIT 7F,SAN FRANCISCO,CA,94105,"$1,049,000","1 bd , 1 ba , 899 sqft",Skybox Realty,https://www.zillow.com/homedetails/338-Spear-St-UNIT-7F-San-Francisco-CA-94105/89240280_zpid/
Condo For Sale,301 Mission St APT 51A,SAN FRANCISCO,CA,94105,"$4,950,000","2 bds , 3 ba , 2,706 sqft",Sotheby's International Realty - San Francisco Brokerage,https://www.zillow.com/homedetails/301-Mission-St-APT-51A-San-Francisco-CA-94105/114315579_zpid/
Condo For Sale,301 Mission St APT 31B,SAN FRANCISCO,CA,94105,"$2,300,000","2 bds , 2.5 ba , 1,652 sqft",Compass,https://www.zillow.com/homedetails/301-Mission-St-APT-31B-San-Francisco-CA-94105/114315108_zpid/
New Construction,181 Fremont St # NEZG44,San Francisco,CA,94105,"$14,000,000+","2 bds , 3 ba , 3,199+ sqft",,https://www.zillow.com/community/181-fremont/2093048630_zpid/
Condo For Sale,75 Folsom St APT 1802,SAN FRANCISCO,CA,94105,"$3,295,000","2 bds , 2 ba , 1,344 sqft",Climb Real Estate,https://www.zillow.com/homedetails/75-Folsom-St-APT-1802-San-Francisco-CA-94105/15147591_zpid/
Condo For Sale,301 Main St UNIT 12A,SAN FRANCISCO,CA,94105,"$1,425,000","2 bds , 2 ba , 1,163 sqft",Climb Real Estate,https://www.zillow.com/homedetails/301-Main-St-UNIT-12A-San-Francisco-CA-94105/89239221_zpid/
Condo For Sale,338 Main St # D17B,San Francisco,CA,94105,"$1,989,000","2 bds , 2 ba , 1,178 sqft",San Francisco R.E. Svcs.,https://www.zillow.com/homedetails/338-Main-St-D17B-San-Francisco-CA-94105/2089942395_zpid/
Condo For Sale,301 Main St UNIT 36F,SAN FRANCISCO,CA,94105,"$1,995,000","2 bds , 2 ba , 1,323 sqft",Intero Real Estate Services,https://www.zillow.com/homedetails/301-Main-St-UNIT-36F-San-Francisco-CA-94105/89240636_zpid/
Condo For Sale,401 Harrison St APT 45B,San Francisco,CA,94105,"$8,200,000","3 bds , 3.5 ba , 3,214 sqft",Compass,https://www.zillow.com/homedetails/401-Harrison-St-APT-45B-San-Francisco-CA-94105/241586684_zpid/
Condo For Sale,401 Harrison St APT 36D,San Francisco,CA,94105,"$2,618,000","2 bds , 2 ba , 1,297 sqft",Compass,https://www.zillow.com/homedetails/401-Harrison-St-APT-36D-San-Francisco-CA-94105/241586683_zpid/
Condo For Sale,301 Main St UNIT 26F,SAN FRANCISCO,CA,94105,"$1,799,000","2 bds , 2 ba , 1,307 sqft",Skybox Realty,https://www.zillow.com/homedetails/301-Main-St-UNIT-26F-San-Francisco-CA-94105/89237788_zpid/
Condo For Sale,201 Folsom St APT 30E,San Francisco,CA,94105,"$3,280,000","3 bds , 3 ba , 1,780 sqft",Polaris Pacific,https://www.zillow.com/homedetails/201-Folsom-St-APT-30E-San-Francisco-CA-94105/2093064018_zpid/
Condo For Sale,338 Spear St UNIT 3F,SAN FRANCISCO,CA,94105,"$1,080,000","1 bd , 1 ba , 910 sqft",Skybox Realty,https://www.zillow.com/homedetails/338-Spear-St-UNIT-3F-San-Francisco-CA-94105/89239512_zpid/
Condo For Sale,1 Hawthorne St UNIT 7G,SAN FRANCISCO,CA,94105,"$1,038,000","1 bd , 1 ba , 863 sqft",Climb Real Estate,https://www.zillow.com/homedetails/1-Hawthorne-St-UNIT-7G-San-Francisco-CA-94105/111711045_zpid/
Condo For Sale,318 Spear St UNIT 5K,SAN FRANCISCO,CA,94105,"$959,999","1 bd , 1 ba , 832 sqft",Climb Real Estate,https://www.zillow.com/homedetails/318-Spear-St-UNIT-5K-San-Francisco-CA-94105/83153644_zpid/
