title,address,city,state,postal_code,price,facts and features,real estate provider,url
Condo For Sale,1201 California St UNIT 904,SAN FRANCISCO,CA,94109,"$1,295,000","1 bd , 2 ba , 1,159 sqft",Coldwell Banker,https://www.zillow.com/homedetails/1201-California-St-UNIT-904-San-Francisco-CA-94109/63196349_zpid/
Condo For Sale,900 Bush St APT 812,San Francisco,CA,94109,"$749,000","1 bd , 1 ba , 905 sqft",Zephyr Real Estate,https://www.zillow.com/homedetails/900-Bush-St-APT-812-San-Francisco-CA-94109/2096702101_zpid/
Condo For Sale,1865 Clay St APT 5,SAN FRANCISCO,CA,94109,"$1,795,000","3 bds , 2 ba , 1,670 sqft",Pacific Union International,https://www.zillow.com/homedetails/1865-Clay-St-APT-5-San-Francisco-CA-94109/124863103_zpid/
Condo For Sale,900 Bush St APT 405,SAN FRANCISCO,CA,94109,"$699,000","1 bd , 1 ba , 682 sqft",Jackson Fuller Real Estate,https://www.zillow.com/homedetails/900-Bush-St-APT-405-San-Francisco-CA-94109/15069026_zpid/
Condo For Sale,1001 Pine St UNIT 306,SAN FRANCISCO,CA,94109,"$625,000","1 bd , 1 ba , 650 sqft",,https://www.zillow.com/homedetails/1001-Pine-St-UNIT-306-San-Francisco-CA-94109/15068819_zpid/
Co-op For Sale,1200 California St UNIT 27D,SAN FRANCISCO,CA,94109,"$4,900,000","2 bds , 2 ba , -- sqft",Sotheby's International Realty - San Francisco Brokerage,https://www.zillow.com/homedetails/1200-California-St-UNIT-27D-San-Francisco-CA-94109/80750644_zpid/
Condo For Sale,1483 Sutter St UNIT 422,SAN FRANCISCO,CA,94109,"$849,000","1 bd , 1 ba , 780 sqft",Vanguard Properties,https://www.zillow.com/homedetails/1483-Sutter-St-UNIT-422-San-Francisco-CA-94109/15076348_zpid/
Condo For Sale,795 Sutter St # 103,SAN FRANCISCO,CA,94109,"$1,529,000","2 bds , 2 ba , 1,720 sqft",Coldwell Banker Residential Brokerage - San Francisco Pacific Heights,https://www.zillow.com/homedetails/795-Sutter-St-103-San-Francisco-CA-94109/15069270_zpid/
New Construction,1545 Pine St # U08XW5,San Francisco,CA,94109,"$1,495,500+","2 bds , 2 ba , 1,198+ sqft",,https://www.zillow.com/community/austin/2092523856_zpid/
Condo For Sale,66 Cleary Ct APT 1506,SAN FRANCISCO,CA,94109,"$1,300,000","3 bds , 2 ba , 1,099 sqft",Paragon Real Estate Group,https://www.zillow.com/homedetails/66-Cleary-Ct-APT-1506-San-Francisco-CA-94109/15076986_zpid/
New Construction,1545 Pine St # U15XCF,San Francisco,CA,94109,"$945,500+","1 bd , 1 ba , 581+ sqft",,https://www.zillow.com/community/austin/2092523853_zpid/
Condo For Sale,2111 Franklin St,San Francisco,CA,94109,"$2,995,000","2 bds , 2 ba , 2,300 sqft",Paragon Real Estate Group,https://www.zillow.com/homedetails/2111-Franklin-St-San-Francisco-CA-94109/2097786688_zpid/
Condo For Sale,1444 Vallejo St APT 2,San Francisco,CA,94109,"$1,195,000","2 bds , 2 ba , 1,030 sqft",,https://www.zillow.com/homedetails/1444-Vallejo-St-APT-2-San-Francisco-CA-94109/2102146729_zpid/
Condo For Sale,1800 Washington St APT 414,SAN FRANCISCO,CA,94109,"$599,000","Studio , 1 ba , 476 sqft",,https://www.zillow.com/homedetails/1800-Washington-St-APT-414-San-Francisco-CA-94109/54854381_zpid/
Condo For Sale,818 Van Ness Ave APT 508,SAN FRANCISCO,CA,94109,"$848,000","1 bd , 2 ba , 824 sqft",Paragon Real Estate Group,https://www.zillow.com/homedetails/818-Van-Ness-Ave-APT-508-San-Francisco-CA-94109/111930238_zpid/
Apartment For Sale,1274 Vallejo St # 1284,San Francisco,CA,94109,"$4,250,000","Studio , -- ba , 6,981 sqft",Coldwell Banker Residential Brokerage - San Francisco Pacific Heights,https://www.zillow.com/homedetails/1274-Vallejo-St-1284-San-Francisco-CA-94109/15066189_zpid/
Condo For Sale,1688 Pine St UNIT W809,San Francisco,CA,94109,"$3,895,000","3 bds , 3 ba , 2,231 sqft",Sotheby's International Realty - San Francisco Brokerage,https://www.zillow.com/homedetails/1688-Pine-St-UNIT-W809-San-Francisco-CA-94109/241585662_zpid/
Condo For Sale,1440 Broadway # 107,SAN FRANCISCO,CA,94109,"$875,000","1 bd , 1 ba , 764 sqft",Coldwell Banker Residential Brokerage - San Francisco Pacific Heights,https://www.zillow.com/homedetails/1440-Broadway-107-San-Francisco-CA-94109/69817797_zpid/
Condo For Sale,1450 Post St APT 608,SAN FRANCISCO,CA,94109,"$599,900","1 bd , 1.5 ba , 1,116 sqft",Sunrise Senior Living Mgmt.,https://www.zillow.com/homedetails/1450-Post-St-APT-608-San-Francisco-CA-94109/15076232_zpid/
Lot/Land For Sale,430 Eddy St,SAN FRANCISCO,CA,94109,"$3,500,000","3,576 sqft lot",Zephyr Real Estate,https://www.zillow.com/homedetails/430-Eddy-St-San-Francisco-CA-94109/125161603_zpid/
Condo For Sale,1452 Bush St,San Francisco,CA,94109,"$1,550,000","3 bds , 3.5 ba , 1,922 sqft","American Marketing Sys., Inc",https://www.zillow.com/homedetails/1452-Bush-St-San-Francisco-CA-94109/2110456509_zpid/
New Construction,1545 Pine St # 609,San Francisco,CA,94109,"$799,500","1 bd , 1 ba , 603 sqft",,https://www.zillow.com/homedetails/1545-Pine-St-609-San-Francisco-CA-94109/2089738635_zpid/
Condo For Sale,1545 Pine St # 308,San Francisco,CA,94109,"$869,500","1 bd , 1 ba , 619 sqft",Mark Co. at The Austin,https://www.zillow.com/homedetails/1545-Pine-St-308-San-Francisco-CA-94109/2091592246_zpid/
Condo For Sale,1269 Lombard St # A,San Francisco,CA,94109,"$3,795,000","4 bds , 3.5 ba , 2,481 sqft",KW Peninsula Estates,https://www.zillow.com/homedetails/1269-Lombard-St-A-San-Francisco-CA-94109/15070928_zpid/
