title,address,city,state,postal_code,price,facts and features,real estate provider,url
Condo For Sale,238 Parker Ave,San Francisco,CA,94118,"$1,995,000","3 bds , 3 ba , 1,996 sqft",Pacific Union International,https://www.zillow.com/homedetails/238-Parker-Ave-San-Francisco-CA-94118/2089593651_zpid/
House For Sale,47 Kittredge Ter,SAN FRANCISCO,CA,94118,"$1,898,000","3 bds , 2 ba , 1,895 sqft",,https://www.zillow.com/homedetails/47-Kittredge-Ter-San-Francisco-CA-94118/15084850_zpid/
Condo For Sale,783 9th Ave,SAN FRANCISCO,CA,94118,"$995,000","2 bds , 1 ba , 1,315 sqft",Zephyr Real Estate,https://www.zillow.com/homedetails/783-9th-Ave-San-Francisco-CA-94118/111932000_zpid/
House For Sale,142 Ewing Ter,SAN FRANCISCO,CA,94118,"$2,695,000","3 bds , 3 ba , 2,625 sqft",Redfin,https://www.zillow.com/homedetails/142-Ewing-Ter-San-Francisco-CA-94118/15084104_zpid/
Condo For Sale,700 Cabrillo St APT 3,San Francisco,CA,94118,"$949,000","2 bds , 1 ba , 1,017 sqft",Zephyr Real Estate,https://www.zillow.com/homedetails/700-Cabrillo-St-APT-3-San-Francisco-CA-94118/241586098_zpid/
House For Sale,131 Collins St,SAN FRANCISCO,CA,94118,"$1,850,000","2 bds , 2 ba , 1,625 sqft",,https://www.zillow.com/homedetails/131-Collins-St-San-Francisco-CA-94118/15083564_zpid/
House For Sale,615 16th Ave,SAN FRANCISCO,CA,94118,"$1,699,000","4 bds , 3 ba , 2,000 sqft",Emerald Key Realty,https://www.zillow.com/homedetails/615-16th-Ave-San-Francisco-CA-94118/15097941_zpid/
House For Sale,3756 Jackson St,SAN FRANCISCO,CA,94118,"$11,995,000","7 bds , 8.5 ba , 7,820 sqft",Compass,https://www.zillow.com/homedetails/3756-Jackson-St-San-Francisco-CA-94118/15080946_zpid/
House For Sale,5337 California St,SAN FRANCISCO,CA,94118,"$1,795,000","4 bds , 3 ba , 1,815 sqft",,https://www.zillow.com/homedetails/5337-California-St-San-Francisco-CA-94118/15091183_zpid/
Apartment For Sale,350 8th Ave,San Francisco,CA,94118,"$2,095,000","Studio , -- ba , 3,862 sqft",Vanguard Properties,https://www.zillow.com/homedetails/350-8th-Ave-San-Francisco-CA-94118/2089703550_zpid/
Condo For Sale,121 4th Ave,SAN FRANCISCO,CA,94118,"$1,299,000","3 bds , 3 ba , 1,376 sqft",Aethos Real Estate,https://www.zillow.com/homedetails/121-4th-Ave-San-Francisco-CA-94118/61288354_zpid/
Condo For Sale,135 Cook St,San Francisco,CA,94118,"$1,495,000","3 bds , 3 ba , 1,622 sqft",,https://www.zillow.com/homedetails/135-Cook-St-San-Francisco-CA-94118/2089721427_zpid/
House For Sale,5326 California St,SAN FRANCISCO,CA,94118,"$2,795,000","5 bds , 4 ba , 2,870 sqft",Sotheby's International Realty - San Francisco Brokerage,https://www.zillow.com/homedetails/5326-California-St-San-Francisco-CA-94118/15090030_zpid/
Condo For Sale,313 2nd Ave APT 3,SAN FRANCISCO,CA,94118,"$925,000","2 bds , 1 ba , 922 sqft",Coldwell Banker Residential Brokerage - San Francisco Sunset,https://www.zillow.com/homedetails/313-2nd-Ave-APT-3-San-Francisco-CA-94118/15091606_zpid/
Apartment For Sale,3036 Fulton St # 3040,San Francisco,CA,94118,"$2,388,000","Studio , -- ba , 3,260 sqft","Paragon Coml. Brokerage, Inc",https://www.zillow.com/homedetails/3036-Fulton-St-3040-San-Francisco-CA-94118/241584164_zpid/
House For Sale,267 15th Ave,SAN FRANCISCO,CA,94118,"$1,699,000","3 bds , 1 ba , 2,240 sqft",Compass,https://www.zillow.com/homedetails/267-15th-Ave-San-Francisco-CA-94118/15091161_zpid/
Condo For Sale,92 6th Ave,SAN FRANCISCO,CA,94118,"$828,000","2 bds , 1 ba , 700 sqft",Coldwell Banker Residential Brokerage - San Francisco Pacific Heights,https://www.zillow.com/homedetails/92-6th-Ave-San-Francisco-CA-94118/15089379_zpid/
Apartment For Sale,2677-2681 Mcallister St,SAN FRANCISCO,CA,94118,"$1,895,000","Studio , -- ba , 4,500 sqft",SVN/Pacific Commercial Advisor,https://www.zillow.com/homedetails/2677-2681-Mcallister-St-San-Francisco-CA-94118/15085379_zpid/
Condo For Sale,3436 Clay St APT 1,SAN FRANCISCO,CA,94118,"$879,000","1 bd , 1 ba , 824 sqft",Golden Gate Sotheby's International Realty,https://www.zillow.com/homedetails/3436-Clay-St-APT-1-San-Francisco-CA-94118/15081777_zpid/
Condo For Sale,333 Cherry St # B,San Francisco,CA,94118,"$499,000","Studio , 1 ba , 385 sqft",Pacific Union International Inc.,https://www.zillow.com/homedetails/333-Cherry-St-B-San-Francisco-CA-94118/64972281_zpid/
Apartment For Sale,137-139 16th Ave,SAN FRANCISCO,CA,94118,"$1,499,000","Studio , -- ba , 2,000 sqft",BestSellers Realty,https://www.zillow.com/homedetails/137-139-16th-Ave-San-Francisco-CA-94118/15090066_zpid/
House For Sale,718 16th Ave,SAN FRANCISCO,CA,94118,"$3,188,000","4 bds , 4 ba , 2,795 sqft",,https://www.zillow.com/homedetails/718-16th-Ave-San-Francisco-CA-94118/15099114_zpid/
House For Sale,3323 Clay St,San Francisco,CA,94118,"$9,995,000","6 bds , 6.5 ba , 6,505 sqft",Sotheby's International Realty,https://www.zillow.com/homedetails/3323-Clay-St-San-Francisco-CA-94118/2100874533_zpid/
House For Sale,540 Funston Ave,SAN FRANCISCO,CA,94118,"$4,375,000","4 bds , 4 ba , 3,994 sqft",Coldwell Banker Residential Brokerage - San Francisco Pacific Heights,https://www.zillow.com/homedetails/540-Funston-Ave-San-Francisco-CA-94118/15095019_zpid/
