title,address,city,state,postal_code,price,facts and features,real estate provider,url
Condo For Sale,350 Broderick St APT 304,SAN FRANCISCO,CA,94117,"$1,349,000","2 bds , 2 ba , 1,243 sqft",Vanguard Properties,https://www.zillow.com/homedetails/350-Broderick-St-APT-304-San-Francisco-CA-94117/79847088_zpid/
Condo For Sale,363 Waller St,San Francisco,CA,94117,"$1,895,000","3 bds , 2.5 ba , 2,057 sqft",Zephyr Real Estate,https://www.zillow.com/homedetails/363-Waller-St-San-Francisco-CA-94117/2099440549_zpid/
House For Sale,119 Edgewood Ave,SAN FRANCISCO,CA,94117,"$2,695,000","4 bds , 2.5 ba , 2,358 sqft",BHHS Drysdale Properties,https://www.zillow.com/homedetails/119-Edgewood-Ave-San-Francisco-CA-94117/15128015_zpid/
House For Sale,707 Broderick St,San Francisco,CA,94117,"$3,295,000","4 bds , 3.5 ba , 3,300 sqft",Compass,https://www.zillow.com/homedetails/707-Broderick-St-San-Francisco-CA-94117/15085534_zpid/
Condo For Sale,423 Lyon St,SAN FRANCISCO,CA,94117,"$1,525,000","3 bds , 1.5 ba , 1,375 sqft",Zephyr Real Estate,https://www.zillow.com/homedetails/423-Lyon-St-San-Francisco-CA-94117/64972292_zpid/
Condo For Sale,1649 Page St,SAN FRANCISCO,CA,94117,"$1,649,000","3 bds , 2 ba , 1,692 sqft",,https://www.zillow.com/homedetails/1649-Page-St-San-Francisco-CA-94117/119685262_zpid/
Apartment For Sale,395 Frederick St,San Francisco,CA,94117,"$2,550,000","4 bds , -- ba , 5,265 sqft",,https://www.zillow.com/homedetails/395-Frederick-St-San-Francisco-CA-94117/2100007223_zpid/
Condo For Sale,890 Steiner St,SAN FRANCISCO,CA,94117,"$895,000","2 bds , 1 ba , 1,305 sqft",Sotheby's International Realty - San Francisco Brokerage,https://www.zillow.com/homedetails/890-Steiner-St-San-Francisco-CA-94117/15078261_zpid/
House For Sale,180 Downey St,San Francisco,CA,94117,"$1,528,000","3 bds , 3 ba , 1,400 sqft",Park North Real Estate,https://www.zillow.com/homedetails/180-Downey-St-San-Francisco-CA-94117/2089717972_zpid/
Condo For Sale,226 Broderick St,San Francisco,CA,94117,"$1,395,000","3 bds , 2 ba , 1,692 sqft",Compass,https://www.zillow.com/homedetails/226-Broderick-St-San-Francisco-CA-94117/2089718805_zpid/
Condo For Sale,616 Page St,San Francisco,CA,94117,"$1,395,000","3 bds , 1 ba , 1,645 sqft",,https://www.zillow.com/homedetails/616-Page-St-San-Francisco-CA-94117/2101343859_zpid/
Condo For Sale,355 Buena Vista Ave E UNIT 413,San Francisco,CA,94117,"$758,000","1 bd , 1 ba , 625 sqft",Vanguard Properties,https://www.zillow.com/homedetails/355-Buena-Vista-Ave-E-UNIT-413-San-Francisco-CA-94117/2089725183_zpid/
Coming Soon,56 Divisadero St,SAN FRANCISCO,CA,94117,"$3,395,000","4 bds , 4 ba , 3,400 sqft",Climb Real Estate,https://www.zillow.com/homedetails/56-Divisadero-St-San-Francisco-CA-94117/119685872_zpid/
House For Sale,2 Hill Point Ave,SAN FRANCISCO,CA,94117,"$2,795,000","4 bds , 4 ba , 2,695 sqft",,https://www.zillow.com/homedetails/2-Hill-Point-Ave-San-Francisco-CA-94117/83154128_zpid/
House For Sale,37 Rivoli St,SAN FRANCISCO,CA,94117,"$1,388,000","3 bds , 1 ba , 1,500 sqft",Park North Real Estate,https://www.zillow.com/homedetails/37-Rivoli-St-San-Francisco-CA-94117/15088315_zpid/
Condo For Sale,1171 Oak St APT 4,SAN FRANCISCO,CA,94117,"$1,195,000","2 bds , 2 ba , -- sqft",Zephyr Real Estate,https://www.zillow.com/homedetails/1171-Oak-St-APT-4-San-Francisco-CA-94117/67394756_zpid/
House For Sale,248 Upper Ter,SAN FRANCISCO,CA,94117,"$2,100,000","3 bds , 2.5 ba , 2,388 sqft",Paragon Real Estate Group,https://www.zillow.com/homedetails/248-Upper-Ter-San-Francisco-CA-94117/15127815_zpid/
Condo For Sale,136 Grattan St,SAN FRANCISCO,CA,94117,"$1,795,000","3 bds , 2 ba , 2,023 sqft",Zephyr Real Estate,https://www.zillow.com/homedetails/136-Grattan-St-San-Francisco-CA-94117/59779455_zpid/
Condo For Sale,127 Belvedere St APT A,San Francisco,CA,94117,"$1,480,000","3 bds , 2 ba , 1,850 sqft",Sotheby's International Realty - San Francisco Brokerage,https://www.zillow.com/homedetails/127-Belvedere-St-APT-A-San-Francisco-CA-94117/2090191307_zpid/
Condo For Sale,240 Downey St,San Francisco,CA,94117,"$2,100,000","3 bds , 2 ba , 2,150 sqft",Sotheby's International Realty - San Francisco Brokerage,https://www.zillow.com/homedetails/240-Downey-St-San-Francisco-CA-94117/2090236841_zpid/
House For Sale,701 Scott St,San Francisco,CA,94117,"$6,300,000","6 bds , 5 ba , 5,745 sqft",Sotheby's International Realty - San Francisco Brokerage,https://www.zillow.com/homedetails/701-Scott-St-San-Francisco-CA-94117/2131961823_zpid/
Apartment For Sale,311 Carl St,San Francisco,CA,94117,"$1,795,000","Studio , -- ba , 1,790 sqft",Wasserman Properties,https://www.zillow.com/homedetails/311-Carl-St-San-Francisco-CA-94117/2090353687_zpid/
Apartment For Sale,107 Germania St,San Francisco,CA,94117,"$1,195,000","Studio , -- ba , 2,000 sqft",Coldwell Banker Res. R.E. Svcs,https://www.zillow.com/homedetails/107-Germania-St-San-Francisco-CA-94117/15079300_zpid/
Condo For Sale,159 Clifford Ter,San Francisco,CA,94117,"$1,195,000","2 bds , 2 ba , 1,000 sqft",Paragon Real Estate Group,https://www.zillow.com/homedetails/159-Clifford-Ter-San-Francisco-CA-94117/2103792253_zpid/
House For Sale,1214 Masonic Ave,SAN FRANCISCO,CA,94117,"$2,695,000","5 bds , 4 ba , 2,898 sqft",,https://www.zillow.com/homedetails/1214-Masonic-Ave-San-Francisco-CA-94117/15086909_zpid/
