title,address,city,state,postal_code,price,facts and features,real estate provider,url
House For Sale,2 Rosella Ct,San Francisco,CA,94112,"$949,000","2 bds , 1 ba , 1,026 sqft",Vision Realty Group,https://www.zillow.com/homedetails/2-Rosella-Ct-San-Francisco-CA-94112/15188253_zpid/
House For Sale,45 Hazelwood Ave,San Francisco,CA,94112,"$1,299,000","2 bds , 1 ba , 1,215 sqft",Realty World - Advance Group,https://www.zillow.com/homedetails/45-Hazelwood-Ave-San-Francisco-CA-94112/15139603_zpid/
Foreclosure,1180 Plymouth Ave,San Francisco,CA,94112,"$899,000","2 bds , 1 ba , -- sqft",Stephen Vokshori,https://www.zillow.com/homedetails/1180-Plymouth-Ave-San-Francisco-CA-94112/15188014_zpid/
House For Sale,157 College Ave,San Francisco,CA,94112,"$949,888","3 bds , 1 ba , 1,200 sqft",Anchor Realty,https://www.zillow.com/homedetails/157-College-Ave-San-Francisco-CA-94112/15184315_zpid/
House For Sale,26 Stoneyford Ave,SAN FRANCISCO,CA,94112,"$899,000","2 bds , 1 ba , 862 sqft",Coldwell Banker Residential Brokerage - San Francisco Lombard,https://www.zillow.com/homedetails/26-Stoneyford-Ave-San-Francisco-CA-94112/15165956_zpid/
House For Sale,328 Phelan Ave,San Francisco,CA,94112,"$899,000","2 bds , 1 ba , 942 sqft",Jackson Fuller Real Estate,https://www.zillow.com/homedetails/328-Phelan-Ave-San-Francisco-CA-94112/15139663_zpid/
House For Sale,53 Florentine St,San Francisco,CA,94112,"$849,000","3 bds , 1 ba , 1,471 sqft",Sunset West Investment,https://www.zillow.com/homedetails/53-Florentine-St-San-Francisco-CA-94112/15178784_zpid/
House For Sale,807 Lisbon St,San Francisco,CA,94112,"$499,000","2 bds , 1 ba , 1,421 sqft",Brokers Connection Incorporate,https://www.zillow.com/homedetails/807-Lisbon-St-San-Francisco-CA-94112/15177191_zpid/
House For Sale,1319 Alemany Blvd,San Francisco,CA,94112,"$1,100,000","3 bds , 2 ba , 1,128 sqft","American Marketing Sys., Inc",https://www.zillow.com/homedetails/1319-Alemany-Blvd-San-Francisco-CA-94112/15186851_zpid/
House For Sale,18 Chicago Way,San Francisco,CA,94112,"$949,000","3 bds , 1 ba , 1,531 sqft",Pacific Union International Inc.,https://www.zillow.com/homedetails/18-Chicago-Way-San-Francisco-CA-94112/15177616_zpid/
House For Sale,270 Foote Ave,SAN FRANCISCO,CA,94112,"$1,520,000","3 bds , 2 ba , 1,918 sqft",Century 21 Realty Alliance,https://www.zillow.com/homedetails/270-Foote-Ave-San-Francisco-CA-94112/15191872_zpid/
House For Sale,84 Moneta Way,San Francisco,CA,94112,"$949,000","3 bds , 2 ba , 1,694 sqft",Zephyr Real Estate,https://www.zillow.com/homedetails/84-Moneta-Way-San-Francisco-CA-94112/15194005_zpid/
House For Sale,145 Santa Rosa Ave,San Francisco,CA,94112,"$1,195,000","3 bds , 1.5 ba , 1,895 sqft",Reside Real Estate,https://www.zillow.com/homedetails/145-Santa-Rosa-Ave-San-Francisco-CA-94112/15139986_zpid/
House For Sale,250 Cayuga Ave,San Francisco,CA,94112,"$895,000","2 bds , 1 ba , 1,240 sqft",Coldwell Banker Residential Brokerage - San Francisco Lombard,https://www.zillow.com/homedetails/250-Cayuga-Ave-San-Francisco-CA-94112/15186412_zpid/
House For Sale,161 Majestic Ave,San Francisco,CA,94112,"$1,499,000","7 bds , 5 ba , 3,200 sqft",Coldwell Banker Residential Brokerage - San Francisco Sunset,https://www.zillow.com/homedetails/161-Majestic-Ave-San-Francisco-CA-94112/89237842_zpid/
House For Sale,72 Ney St,San Francisco,CA,94112,"$1,199,000","3 bds , 4 ba , 1,580 sqft",Hackworth Realty,https://www.zillow.com/homedetails/72-Ney-St-San-Francisco-CA-94112/15166211_zpid/
House For Sale,137 Broad St,San Francisco,CA,94112,"$699,000","3 bds , 1 ba , 1,300 sqft",Optimum Realty,https://www.zillow.com/homedetails/137-Broad-St-San-Francisco-CA-94112/15194795_zpid/
Condo For Sale,1490 Ocean Ave # 205,San Francisco,CA,94112,"$1,395,000","2 bds , 2 ba , 997 sqft",Climb Real Estate,https://www.zillow.com/homedetails/1490-Ocean-Ave-205-San-Francisco-CA-94112/2091240414_zpid/
Condo For Sale,1490 Ocean Ave # 301,San Francisco,CA,94112,"$1,560,000","3 bds , 2 ba , 1,308 sqft",Climb Real Estate,https://www.zillow.com/homedetails/1490-Ocean-Ave-301-San-Francisco-CA-94112/2091293853_zpid/
Apartment For Sale,523-525 Munich St,SAN FRANCISCO,CA,94112,"$928,000","Studio , -- ba , 2,300 sqft",AGH Realty Group Corp.,https://www.zillow.com/homedetails/523-525-Munich-St-San-Francisco-CA-94112/15174999_zpid/
Apartment For Sale,578-580 Naples St,SAN FRANCISCO,CA,94112,"$899,000","Studio , -- ba , 1,900 sqft",Pinnacle Properties,https://www.zillow.com/homedetails/578-580-Naples-St-San-Francisco-CA-94112/15171203_zpid/
House For Sale,60 Westwood Dr,San Francisco,CA,94112,"$1,095,000","2 bds , 1 ba , 1,375 sqft",,https://www.zillow.com/homedetails/60-Westwood-Dr-San-Francisco-CA-94112/15140777_zpid/
