title,address,city,state,postal_code,price,facts and features,real estate provider,url
New Construction,1545 Pine St # U4I7Q,San Francisco,CA,94109,"$727,500+","-- bds , 1 ba , 432+ sqft",,https://www.zillow.com/community/austin/2092523855_zpid/
House For Sale,257 Crescent Ave,San Francisco,CA,94110,"$899,000","3 bds , 1 ba , 1,430 sqft",Berkshire Hathaway-Franciscan,https://www.zillow.com/homedetails/257-Crescent-Ave-San-Francisco-CA-94110/15164268_zpid/
Condo For Sale,1233 20th Ave,San Francisco,CA,94122,"$975,000","4 bds , 4 ba , 2,115 sqft","Paragon Coml. Brokerage, Inc",https://www.zillow.com/homedetails/1233-20th-Ave-San-Francisco-CA-94122/59700301_zpid/
Condo For Sale,411 Francisco St # 309,San Francisco,CA,94133,"$1,149,000","2 bds , 2 ba , 1,033 sqft",Pacific Union International,https://www.zillow.com/homedetails/411-Francisco-St-309-San-Francisco-CA-94133/58480019_zpid/
Condo For Sale,555 Pierce St,ALBANY,CA,94706,"$610,000","2 bds , 2 ba , 1,015 sqft",,https://www.zillow.com/homedetails/555-Pierce-St-Albany-CA-94706/24853199_zpid/
House For Sale,638 36th Ave,San Francisco,CA,94121,"$1,595,000","3 bds , 2 ba , 2,141 sqft",Rogers & Associates,https://www.zillow.com/homedetails/638-36th-Ave-San-Francisco-CA-94121/15095925_zpid/
New Construction,1188 Valencia St # MKDGFJ,San Francisco,CA,94110,"$725,000+","-- bds , 1 ba , 430+ sqft",,https://www.zillow.com/community/1188-valencia/2090697855_zpid/
New Construction,1000 3rd Street 110 Channel St # D1WLVT,San Francisco,CA,94158,"$3,850,000+","3 bds , 3 ba , 1,827+ sqft",,https://www.zillow.com/community/one-mission-bay/2090697883_zpid/
